-- phpMyAdmin SQL Dump
-- version 5.2.1
-- https://www.phpmyadmin.net/
--
-- Host: 127.0.0.1
-- Waktu pembuatan: 18 Okt 2024 pada 17.52
-- Versi server: 10.4.32-MariaDB
-- Versi PHP: 8.2.12

SET SQL_MODE = "NO_AUTO_VALUE_ON_ZERO";
START TRANSACTION;
SET time_zone = "+00:00";


/*!40101 SET @OLD_CHARACTER_SET_CLIENT=@@CHARACTER_SET_CLIENT */;
/*!40101 SET @OLD_CHARACTER_SET_RESULTS=@@CHARACTER_SET_RESULTS */;
/*!40101 SET @OLD_COLLATION_CONNECTION=@@COLLATION_CONNECTION */;
/*!40101 SET NAMES utf8mb4 */;

--
-- Database: `kue`
--

-- --------------------------------------------------------

--
-- Struktur dari tabel `detail_pesanan`
--

CREATE TABLE `detail_pesanan` (
  `id_detail_pesanan` int(11) NOT NULL,
  `id_pesanan` int(11) DEFAULT NULL,
  `id_produk` int(11) DEFAULT NULL,
  `kuantitas` int(11) NOT NULL,
  `harga_satuan` decimal(10,) NOT NULL,
  `jumlah` int(25) NOT NULL
) ENGINE=InnoDB DEFAULT CHARSET=utf8mb4 COLLATE=utf8mb4_general_ci;

--
-- Dumping data untuk tabel `detail_pesanan`
--

INSERT INTO `detail_pesanan` (`id_detail_pesanan`, `id_pesanan`, `id_produk`, `kuantitas`, `harga_satuan`, `jumlah`) VALUES
(1, 4, 1, 0, 0.00, 1),
(2, 4, 2, 0, 0.00, 1),
(3, 4, 3, 0, 0.00, 1),
(4, 5, 1, 0, 0.00, 5),
(5, 5, 2, 0, 0.00, 1);

-- --------------------------------------------------------

--
-- Struktur dari tabel `kategori`
--

CREATE TABLE `kategori` (
  `id_kategori` int(11) NOT NULL,
  `nama_kategori` varchar(100) NOT NULL
) ENGINE=InnoDB DEFAULT CHARSET=utf8mb4 COLLATE=utf8mb4_general_ci;

--
-- Dumping data untuk tabel `kategori`
--

INSERT INTO `kategori` (`id_kategori`, `nama_kategori`) VALUES
(1, 'Nastar'),
(2, 'dessert'),
(3, 'asas'),
(4, 'dad');

-- --------------------------------------------------------

--
-- Struktur dari tabel `pelanggan`
--

CREATE TABLE `pelanggan` (
  `id_pelanggan` int(11) NOT NULL,
  `nama_pelanggan` varchar(255) NOT NULL,
  `alamat` text DEFAULT NULL,
  `email` varchar(255) DEFAULT NULL,
  `telepon` varchar(20) DEFAULT NULL
) ENGINE=InnoDB DEFAULT CHARSET=utf8mb4 COLLATE=utf8mb4_general_ci;

--
-- Dumping data untuk tabel `pelanggan`
--

INSERT INTO `pelanggan` (`id_pelanggan`, `nama_pelanggan`, `alamat`, `email`, `telepon`) VALUES
(1, 'abi', 'dokk', 'abi@gmail.com', '8472742344'),
(3, 'heri', NULL, NULL, NULL),
(4, 'brian', NULL, NULL, NULL),
(5, 'babo', NULL, NULL, NULL),
(6, 'agus', NULL, NULL, NULL);

-- --------------------------------------------------------

--
-- Struktur dari tabel `pembayaran`
--

CREATE TABLE `pembayaran` (
  `id_pembayaran` int(11) NOT NULL,
  `id_pesanan` int(11) DEFAULT NULL,
  `tanggal_pembayaran` datetime NOT NULL,
  `metode_pembayaran` enum('transfer','kartu kredit','cash') NOT NULL,
  `jumlah` decimal(10,) NOT NULL
) ENGINE=InnoDB DEFAULT CHARSET=utf8mb4 COLLATE=utf8mb4_general_ci;

-- --------------------------------------------------------

--
-- Struktur dari tabel `pengguna`
--

CREATE TABLE `pengguna` (
  `id_pengguna` int(11) NOT NULL,
  `username` varchar(255) NOT NULL,
  `password` varchar(255) NOT NULL,
  `email` varchar(255) DEFAULT NULL
) ENGINE=InnoDB DEFAULT CHARSET=utf8mb4 COLLATE=utf8mb4_general_ci;

-- --------------------------------------------------------

--
-- Struktur dari tabel `pesanan`
--

CREATE TABLE `pesanan` (
  `id_pesanan` int(11) NOT NULL,
  `id_pelanggan` int(11) DEFAULT NULL,
  `tanggal_pesanan` datetime NOT NULL,
  `total_harga` decimal(10,) NOT NULL,
  `status_pesanan` enum('pending','selesai') DEFAULT 'pending'
) ENGINE=InnoDB DEFAULT CHARSET=utf8mb4 COLLATE=utf8mb4_general_ci;

--
-- Dumping data untuk tabel `pesanan`
--

INSERT INTO `pesanan` (`id_pesanan`, `id_pelanggan`, `tanggal_pesanan`, `total_harga`, `status_pesanan`) VALUES
(4, 5, '2024-10-18 21:42:00', 73500.00, 'selesai'),
(5, 6, '2024-10-19 21:56:00', 330000.00, 'selesai');

-- --------------------------------------------------------

--
-- Struktur dari tabel `produk`
--

CREATE TABLE `produk` (
  `id_produk` int(11) NOT NULL,
  `nama_produk` varchar(255) NOT NULL,
  `kategori_produk` varchar(100) DEFAULT NULL,
  `harga` decimal(10,) NOT NULL,
  `stok` int(11) NOT NULL,
  `deskripsi` text DEFAULT NULL
) ENGINE=InnoDB DEFAULT CHARSET=utf8mb4 COLLATE=utf8mb4_general_ci;

--
-- Dumping data untuk tabel `produk`
--

INSERT INTO `produk` (`id_produk`, `nama_produk`, `kategori_produk`, `harga`, `stok`, `deskripsi`) VALUES
(1, 'amanda', '1', 65000.00, 15, 'wueeeenak pool'),
(2, 'risoles', '3', 5000.00, 10, 'dasdad'),
(3, 'barongko', '4', 3500.00, 20, 'dadada');

--
-- Indexes for dumped tables
--

--
-- Indeks untuk tabel `detail_pesanan`
--
ALTER TABLE `detail_pesanan`
  ADD PRIMARY KEY (`id_detail_pesanan`),
  ADD KEY `id_pesanan` (`id_pesanan`),
  ADD KEY `id_produk` (`id_produk`);

--
-- Indeks untuk tabel `kategori`
--
ALTER TABLE `kategori`
  ADD PRIMARY KEY (`id_kategori`);

--
-- Indeks untuk tabel `pelanggan`
--
ALTER TABLE `pelanggan`
  ADD PRIMARY KEY (`id_pelanggan`);

--
-- Indeks untuk tabel `pembayaran`
--
ALTER TABLE `pembayaran`
  ADD PRIMARY KEY (`id_pembayaran`),
  ADD KEY `id_pesanan` (`id_pesanan`);

--
-- Indeks untuk tabel `pengguna`
--
ALTER TABLE `pengguna`
  ADD PRIMARY KEY (`id_pengguna`);

--
-- Indeks untuk tabel `pesanan`
--
ALTER TABLE `pesanan`
  ADD PRIMARY KEY (`id_pesanan`),
  ADD KEY `id_pelanggan` (`id_pelanggan`);

--
-- Indeks untuk tabel `produk`
--
ALTER TABLE `produk`
  ADD PRIMARY KEY (`id_produk`);

--
-- AUTO_INCREMENT untuk tabel yang dibuang
--

--
-- AUTO_INCREMENT untuk tabel `detail_pesanan`
--
ALTER TABLE `detail_pesanan`
  MODIFY `id_detail_pesanan` int(11) NOT NULL AUTO_INCREMENT, AUTO_INCREMENT=6;

--
-- AUTO_INCREMENT untuk tabel `kategori`
--
ALTER TABLE `kategori`
  MODIFY `id_kategori` int(11) NOT NULL AUTO_INCREMENT, AUTO_INCREMENT=5;

--
-- AUTO_INCREMENT untuk tabel `pelanggan`
--
ALTER TABLE `pelanggan`
  MODIFY `id_pelanggan` int(11) NOT NULL AUTO_INCREMENT, AUTO_INCREMENT=7;

--
-- AUTO_INCREMENT untuk tabel `pembayaran`
--
ALTER TABLE `pembayaran`
  MODIFY `id_pembayaran` int(11) NOT NULL AUTO_INCREMENT;

--
-- AUTO_INCREMENT untuk tabel `pengguna`
--
ALTER TABLE `pengguna`
  MODIFY `id_pengguna` int(11) NOT NULL AUTO_INCREMENT;

--
-- AUTO_INCREMENT untuk tabel `pesanan`
--
ALTER TABLE `pesanan`
  MODIFY `id_pesanan` int(11) NOT NULL AUTO_INCREMENT, AUTO_INCREMENT=6;

--
-- AUTO_INCREMENT untuk tabel `produk`
--
ALTER TABLE `produk`
  MODIFY `id_produk` int(11) NOT NULL AUTO_INCREMENT, AUTO_INCREMENT=4;

--
-- Ketidakleluasaan untuk tabel pelimpahan (Dumped Tables)
--

--
-- Ketidakleluasaan untuk tabel `detail_pesanan`
--
ALTER TABLE `detail_pesanan`
  ADD CONSTRAINT `detail_pesanan_ibfk_1` FOREIGN KEY (`id_pesanan`) REFERENCES `pesanan` (`id_pesanan`) ON DELETE CASCADE,
  ADD CONSTRAINT `detail_pesanan_ibfk_2` FOREIGN KEY (`id_produk`) REFERENCES `produk` (`id_produk`) ON DELETE CASCADE;

--
-- Ketidakleluasaan untuk tabel `pembayaran`
--
ALTER TABLE `pembayaran`
  ADD CONSTRAINT `pembayaran_ibfk_1` FOREIGN KEY (`id_pesanan`) REFERENCES `pesanan` (`id_pesanan`) ON DELETE CASCADE;

--
-- Ketidakleluasaan untuk tabel `pesanan`
--
ALTER TABLE `pesanan`
  ADD CONSTRAINT `pesanan_ibfk_1` FOREIGN KEY (`id_pelanggan`) REFERENCES `pelanggan` (`id_pelanggan`) ON DELETE CASCADE;
COMMIT;

/*!40101 SET CHARACTER_SET_CLIENT=@OLD_CHARACTER_SET_CLIENT */;
/*!40101 SET CHARACTER_SET_RESULTS=@OLD_CHARACTER_SET_RESULTS */;
/*!40101 SET COLLATION_CONNECTION=@OLD_COLLATION_CONNECTION */;
